Categories,Denman,Hornby,CV,BC,Canada
Employment Income,0.2211690363,0.2136752137,0.2347548824,0.2532531145,0.2511179009
Other Market Income,0.3412322275,0.3384615385,0.3327712543,0.3207563642,0.3095707342
Government Transfers,0.4375987362,0.4478632479,0.4324738633,0.4259905213,0.4393113648