Categories,Denman,Hornby,Comox Valley,BC,Canada
Owner,0.8636363636,0.7983193277,0.7728909062,0.6676298526,0.6646648561
Renter,0.1287878788,0.2016806723,0.2261699797,0.3278668453,0.3307203313