Denman,Hornby,Comox Valley,BC,Canada
0.8636363636,0.7983193277,0.7728909062,0.6676298526,0.6646648561
0.1287878788,0.2016806723,0.2261699797,0.3278668453,0.3307203313
,,,,
,,,,
,,,,
660,595,"31,945","2,041,835","14,978,940"
570,475,"24,690","1,363,190","9,955,975"
85,120,"7,225","669,450","4,953,840"